timestamp,location_name
2012-05-24 20:08:48,MORBEGNO
2012-05-24 19:51:32,MORBEGNO
2012-05-24 19:48:53,MORBEGNO
2012-05-24 19:48:42,MORBEGNO
2012-05-24 19:48:39,MORBEGNO
2012-05-24 19:46:15,MORBEGNO
2012-05-24 19:46:10,MORBEGNO
2012-05-24 19:44:59,MORBEGNO
2012-05-24 19:37:49,MORBEGNO
2012-05-24 19:16:22,MORBEGNO
2012-05-24 18:29:19,GRANDI
2012-05-24 18:25:48,LOMELLINA
2012-05-24 18:23:12,LOMELLINA
2012-05-24 08:44:07,MM2 CENTRALE
2012-05-24 08:37:10,FELTRE
2012-05-24 08:35:06,MORBEGNO
2012-05-24 08:27:43,MORBEGNO
2012-05-24 06:10:24,MORBEGNO
2012-05-24 06:10:23,MORBEGNO
2012-05-24 00:10:23,MORBEGNO
2012-05-24 00:10:23,MORBEGNO
2012-05-24 00:10:20,MORBEGNO
2012-05-24 00:00:00,MORBEGNO
2012-05-23 23:54:53,MORBEGNO
2012-05-23 23:24:55,MORBEGNO
2012-05-23 23:11:23,MORBEGNO
2012-05-23 23:11:20,MORBEGNO
2012-05-23 22:32:49,MORBEGNO
2012-05-23 22:28:32,MORBEGNO
2012-05-23 22:28:19,MORBEGNO
2012-05-23 22:20:44,MARCHE
2012-05-23 22:07:05,MORBEGNO
2012-05-23 08:40:17,MORBEGNO
2012-05-23 08:04:31,MORBEGNO
2012-05-23 08:04:31,MORBEGNO
2012-05-23 08:04:28,MORBEGNO
2012-05-23 06:01:40,MORBEGNO
2012-05-23 06:01:38,MORBEGNO
2012-05-23 00:01:38,MORBEGNO
2012-05-23 00:00:00,MORBEGNO
2012-05-22 18:39:13,MM1 DUOMO
2012-05-22 18:34:56,MM1 DUOMO
2012-05-22 18:27:45,PALAZZO DI GIUSTIZIA
2012-05-22 18:26:59,PALAZZO DI GIUSTIZIA
2012-05-22 18:25:57,V GIORNATE
2012-05-22 18:16:00,OVIDIO
2012-05-22 18:11:19,AEROPORTO DI LINATE
2012-05-22 18:11:05,AEROPORTO DI LINATE
2012-05-22 18:01:38,V GIORNATE
2012-05-22 18:01:38,TOFFETTI
2012-05-22 14:04:06,RUBATTINO
2012-05-22 08:46:14,MM2 CENTRALE
2012-05-22 08:45:02,MM2 CENTRALE
2012-05-22 06:23:54,MORBEGNO
2012-05-22 00:00:00,MORBEGNO
2012-05-21 23:53:53,MORBEGNO
2012-05-21 22:48:41,LORETO
2012-05-21 22:47:19,BUENOS AIRES PERGOLESI
2012-05-21 20:47:01,PIAZZA OHM
2012-05-21 20:04:43,PIAZZA OHM
2012-05-21 19:32:24,PORTA GENOVA
2012-05-21 19:31:06,CARLO TORRE
2012-05-21 19:30:42,PORTA GENOVA
2012-05-21 19:28:51,PORTA GENOVA
2012-05-21 19:27:12,PORTA GENOVA
2012-05-21 19:26:54,PORTA GENOVA
2012-05-21 19:21:03,ORAZIO
2012-05-21 18:57:53,PALAZZO DI GIUSTIZIA
2012-05-21 18:55:52,PALAZZO DI GIUSTIZIA
2012-05-21 18:39:31,AEROPORTO DI LINATE
2012-05-21 08:45:42,MM2 CENTRALE
2012-05-21 08:43:26,MM1 DUOMO
2012-05-21 08:41:56,MM1 VILLA SAN GIOVANNI
2012-05-21 08:26:05,MORBEGNO
2012-05-21 08:22:41,MORBEGNO
2012-05-21 08:22:01,MORBEGNO
2012-05-21 08:04:42,MORBEGNO
2012-05-21 08:04:37,MORBEGNO
2012-05-21 08:03:51,MORBEGNO
2012-05-21 08:03:33,MORBEGNO
2012-05-21 06:49:02,MORBEGNO
2012-05-21 00:49:02,MORBEGNO
2012-05-21 00:48:58,MORBEGNO
2012-05-21 00:46:35,MORBEGNO
2012-05-21 00:29:28,MORBEGNO
2012-05-21 00:00:00,MORBEGNO
2012-05-20 19:46:24,MORBEGNO
2012-05-20 19:46:24,MORBEGNO
2012-05-20 19:46:20,MORBEGNO
2012-05-20 19:45:02,MORBEGNO
2012-05-20 19:37:38,MORBEGNO
2012-05-20 19:35:05,MORBEGNO
2012-05-20 19:35:01,MORBEGNO
2012-05-20 19:26:29,MORBEGNO
2012-05-20 19:26:25,MORBEGNO
2012-05-20 19:25:42,MORBEGNO
2012-05-20 18:29:38,MORBEGNO
2012-05-20 18:27:34,MORBEGNO
2012-05-20 18:11:13,MORBEGNO
2012-05-20 12:11:12,MORBEGNO
2012-05-20 12:08:09,MORBEGNO
2012-05-20 06:11:11,MORBEGNO
2012-05-20 00:00:00,MORBEGNO
2012-05-19 23:11:11,MORBEGNO
2012-05-18 13:30:35,FELTRE
2012-05-18 08:56:39,FELTRE
2012-05-18 08:56:21,FELTRE
2012-05-18 08:54:19,FELTRE
2012-05-18 08:36:37,MM2 CENTRALE
2012-05-18 08:32:42,MM1 VILLA SAN GIOVANNI
2012-05-18 07:30:35,LIDO PIAZZALE LOTTO
2012-05-18 06:00:36,MORBEGNO
2012-05-18 00:00:11,MORBEGNO
2012-05-18 00:00:00,MORBEGNO
2012-05-17 23:59:03,MORBEGNO
2012-05-17 23:23:56,LAMPUGNANO
2012-05-17 23:23:40,STUPARICH
2012-05-17 22:56:13,LAMPUGNANO
2012-05-17 22:55:51,LAMPUGNANO
2012-05-17 22:24:44,LAMPUGNANO
2012-05-17 22:24:21,LAMPUGNANO
2012-05-17 21:48:13,STUPARICH
2012-05-17 21:48:13,STUPARICH
2012-05-17 21:34:43,LAMPUGNANO
2012-05-17 21:32:38,LAMPUGNANO
2012-05-17 21:31:40,LAMPUGNANO
2012-05-17 21:30:59,LAMPUGNANO
2012-05-17 21:23:28,LAMPUGNANO
2012-05-17 21:11:35,LAMPUGNANO
2012-05-17 21:10:44,LAMPUGNANO
2012-05-17 20:27:46,LIDO PIAZZALE LOTTO
2012-05-17 20:27:04,LIDO PIAZZALE LOTTO
2012-05-17 20:25:04,LIDO PIAZZALE LOTTO
2012-05-17 20:23:53,LIDO PIAZZALE LOTTO
2012-05-17 19:56:23,CONSERVATORIO
2012-05-17 19:55:23,CONSERVATORIO
2012-05-17 19:55:04,CONSERVATORIO
2012-05-17 19:55:03,CONSERVATORIO
2012-05-17 19:30:35,CONSERVATORIO
2012-05-17 19:30:35,LOMELLINA
2012-05-17 19:09:57,RUBATTINO
2012-05-17 08:57:13,FELTRE
2012-05-17 08:56:37,FELTRE
2012-05-17 08:56:25,FELTRE
2012-05-17 08:54:46,FELTRE
2012-05-17 08:24:57,FELTRE
2012-05-17 08:24:56,MORBEGNO
2012-05-17 08:24:03,MORBEGNO
2012-05-17 08:24:03,MORBEGNO
2012-05-17 06:08:18,MORBEGNO
2012-05-17 00:00:00,MORBEGNO
2012-05-16 23:48:39,MORBEGNO
2012-05-16 22:57:02,MORBEGNO
2012-05-16 22:54:56,MORBEGNO
2012-05-16 22:32:04,MORBEGNO
2012-05-16 19:43:23,LORETO
2012-05-16 19:38:59,LORETO
2012-05-16 19:38:17,LORETO
2012-05-16 12:17:59,FELTRE
2012-05-16 08:49:47,FELTRE
2012-05-16 08:49:18,FELTRE
2012-05-16 08:49:00,FELTRE
2012-05-16 08:48:54,FELTRE
2012-05-16 08:28:00,MM2 P.TA GENOVA
2012-05-16 08:22:58,PIAZZA XXV APRILE
2012-05-16 08:20:45,PIAZZA XXV APRILE
2012-05-16 06:17:59,PIAZZA XXV APRILE
2012-05-16 06:17:59,MANZONI
2012-05-16 00:30:43,PIAZZA XXV APRILE
2012-05-16 00:29:12,PIAZZA XXV APRILE
2012-05-16 00:17:59,PIAZZA XXV APRILE
2012-05-16 00:17:59,MANZONI
2012-05-16 00:00:00,AUGUSTO
2012-05-15 23:56:19,AUGUSTO
2012-05-15 23:56:19,AUGUSTO
2012-05-15 23:53:08,AUGUSTO
2012-05-15 23:34:02,AUGUSTO
2012-05-15 22:18:52,AUGUSTO
2012-05-15 21:50:18,AUGUSTO
2012-05-15 21:31:26,MM1 VILLA SAN GIOVANNI
2012-05-15 21:29:42,MM1 VILLA SAN GIOVANNI
2012-05-15 21:28:58,MM1 VILLA SAN GIOVANNI
2012-05-15 21:28:58,MM1 DUOMO
2012-05-15 19:45:35,MM1 DUOMO
2012-05-15 19:44:28,MM1 DUOMO
2012-05-15 19:27:19,MORBEGNO
2012-05-15 19:27:19,LOMELLINA
2012-05-15 19:16:26,OVIDIO
2012-05-15 09:33:36,FELTRE
2012-05-15 08:45:55,MM2 CENTRALE
2012-05-15 08:43:31,MM2 CENTRALE
2012-05-15 08:43:05,MM1 DUOMO
2012-05-15 08:18:24,MORBEGNO
2012-05-15 06:03:37,MORBEGNO
2012-05-15 03:33:36,VIALE UMBRIA
2012-05-15 00:00:00,MORBEGNO
2012-05-14 21:33:36,MARTINI
2012-05-14 19:46:09,FAMAGOSTA
2012-05-14 19:46:09,QUINTOSOLE
2012-05-14 18:51:57,PICENO
2012-05-14 18:49:01,LOMELLINA
2012-05-14 18:47:46,LOMELLINA
2012-05-14 18:47:43,LOMELLINA
2012-05-14 12:12:32,SAN FAUSTINO
2012-05-14 08:39:19,MM2 CENTRALE
2012-05-14 08:36:25,MM1 VILLA SAN GIOVANNI
2012-05-14 08:35:52,MORBEGNO
2012-05-14 08:35:27,MORBEGNO
2012-05-14 08:23:00,MORBEGNO
2012-05-14 06:12:33,MORBEGNO
2012-05-14 06:12:32,ROMOLO
2012-05-14 00:12:32,ROMOLO
2012-05-14 00:00:00,PIAZZA OHM
2012-05-13 19:51:06,PIAZZA OHM
2012-05-13 19:50:50,PIAZZA OHM
2012-05-13 18:12:32,SENIGALLIA
2012-05-13 13:50:20,TRICOLORE
2012-05-12 12:30:14,ROMOLO
2012-05-12 12:30:10,ROMOLO
2012-05-12 12:30:07,ROMOLO
2012-05-12 12:24:46,ROMOLO
2012-05-12 12:24:03,ROMOLO
2012-05-12 12:22:43,ROMOLO
2012-05-12 12:22:01,PIAZZA OHM
2012-05-12 12:21:58,GIULIO ROMANO
2012-05-12 12:20:57,ROMOLO
2012-05-12 11:27:52,ABRUZZI
2012-05-12 11:20:25,MORBEGNO
2012-05-12 11:19:11,MORBEGNO
2012-05-12 11:18:29,MORBEGNO
2012-05-12 11:18:21,MORBEGNO
2012-05-12 06:22:01,MORBEGNO
2012-05-12 06:21:58,MM1 DUOMO
2012-05-12 00:21:58,MM1 DUOMO
2012-05-12 00:00:00,DE AMICIS
2012-05-11 22:42:00,SANT_AGOSTINO
2012-05-11 22:40:51,SOLARI
2012-05-11 22:05:23,SOLARI
2012-05-11 20:06:51,MORBEGNO
2012-05-11 19:55:41,MORBEGNO
2012-05-11 19:55:08,MORBEGNO
2012-05-11 19:54:44,MORBEGNO
2012-05-11 19:48:19,MORBEGNO
2012-05-11 18:21:58,OVIDIO
2012-05-11 13:48:55,AEROPORTO DI LINATE
2012-05-11 13:29:07,MARTINI
2012-05-11 13:29:00,MARTINI
2012-05-11 12:46:13,INSUBRIA
2012-05-11 12:21:59,INSUBRIA
2012-05-11 12:21:58,INSUBRIA
2012-05-11 11:04:45,INSUBRIA
2012-05-11 10:19:16,INSUBRIA
2012-05-11 10:16:21,INSUBRIA
2012-05-11 09:09:31,INSUBRIA
2012-05-11 09:09:28,INSUBRIA
2012-05-11 08:15:20,MORBEGNO
2012-05-11 08:02:00,MORBEGNO
2012-05-11 07:59:17,MORBEGNO
2012-05-11 06:21:59,MORBEGNO
2012-05-11 06:21:58,MORBEGNO
2012-05-11 00:21:58,MORBEGNO
2012-05-11 00:21:58,MORBEGNO
2012-05-11 00:21:53,MORBEGNO
2012-05-11 00:19:33,MORBEGNO
2012-05-11 00:00:00,MORBEGNO
2012-05-10 23:56:31,MORBEGNO
2012-05-10 23:04:42,TRICOLORE
2012-05-10 23:03:49,TRICOLORE
2012-05-10 22:53:24,DATEO
2012-05-10 22:52:53,DATEO
2012-05-10 22:50:56,V GIORNATE
2012-05-10 22:46:23,DATEO
2012-05-10 22:45:15,V GIORNATE
2012-05-10 22:41:42,DATEO
2012-05-10 22:37:10,DATEO
2012-05-10 22:32:00,V GIORNATE
2012-05-10 22:31:50,DATEO
2012-05-10 22:27:17,V GIORNATE
2012-05-10 22:22:44,V GIORNATE
2012-05-10 22:21:11,V GIORNATE
2012-05-10 21:49:39,DATEO
2012-05-10 21:08:43,V GIORNATE
2012-05-10 20:38:43,DATEO
2012-05-10 20:38:21,DATEO
2012-05-10 20:37:53,DATEO
2012-05-10 20:26:57,V GIORNATE
2012-05-10 20:22:01,V GIORNATE
2012-05-10 20:11:59,DATEO
2012-05-10 20:01:39,DATEO
2012-05-10 18:56:14,V GIORNATE
2012-05-10 18:54:10,PALAZZO DI GIUSTIZIA
2012-05-10 09:00:56,FELTRE
2012-05-10 08:54:41,FELTRE
2012-05-10 08:53:57,FELTRE
2012-05-10 08:53:44,FELTRE
2012-05-10 08:51:46,FELTRE
2012-05-10 08:36:07,MORBEGNO
2012-05-10 08:36:06,MORBEGNO
2012-05-10 08:35:53,MORBEGNO
2012-05-10 08:35:53,FELTRE
2012-05-10 06:58:34,MORBEGNO
2012-05-10 00:58:33,MORBEGNO
2012-05-10 00:58:28,MORBEGNO
2012-05-10 00:51:20,MORBEGNO
2012-05-10 00:50:23,MORBEGNO
2012-05-10 00:50:20,MORBEGNO
2012-05-10 00:47:59,MORBEGNO
2012-05-10 00:47:58,MORBEGNO
2012-05-10 00:00:00,MORBEGNO
2012-05-09 23:56:46,MORBEGNO
2012-05-09 23:56:42,MORBEGNO
2012-05-09 23:56:30,MORBEGNO
2012-05-09 21:07:41,TURRO
2012-05-09 21:06:58,TURRO
2012-05-09 21:05:37,TURRO
2012-05-09 21:05:04,TURRO
2012-05-09 21:04:51,TURRO
2012-05-09 20:36:10,TURRO
2012-05-09 19:13:52,MORBEGNO
2012-05-09 19:13:47,MORBEGNO
2012-05-09 19:08:00,MORBEGNO
2012-05-09 19:07:01,MORBEGNO
2012-05-09 19:06:56,MORBEGNO
2012-05-09 18:36:13,MORBEGNO
2012-05-09 18:35:40,MORBEGNO
2012-05-09 18:29:28,ABRUZZI
2012-05-09 18:15:26,INSUBRIA
2012-05-09 18:12:20,OVIDIO
2012-05-09 08:04:31,MECENATE
2012-05-09 08:02:11,MECENATE
2012-05-09 06:10:33,MORBEGNO
2012-05-09 00:10:33,MORBEGNO
2012-05-08 23:14:01,MORBEGNO
2012-05-08 23:11:03,MORBEGNO
2012-05-08 23:10:20,MORBEGNO
2012-05-08 23:09:58,MORBEGNO
2012-05-08 23:09:38,MORBEGNO
2012-05-08 23:09:22,MORBEGNO
2012-05-08 22:01:19,MORBEGNO
2012-05-08 22:01:16,MORBEGNO
2012-05-08 21:56:52,MORBEGNO
2012-05-08 21:51:44,MORBEGNO
2012-05-08 20:37:45,MORBEGNO
2012-05-08 20:15:42,LORETO
2012-05-08 20:14:01,LORETO
2012-05-08 19:46:07,LORETO
2012-05-08 18:38:58,CHAVEZ
2012-05-08 08:35:16,MORBEGNO
2012-05-08 08:34:16,ROMBON
2012-05-08 08:32:56,MORBEGNO
2012-05-08 08:24:41,MORBEGNO
2012-05-08 08:18:32,MORBEGNO
2012-05-08 08:15:19,MORBEGNO
2012-05-08 08:14:41,MORBEGNO
2012-05-08 07:52:47,MM2 P.TA GENOVA
2012-05-08 07:52:21,MM2 P.TA GENOVA
2012-05-08 07:52:19,MM2 P.TA GENOVA
2012-05-08 07:35:37,PIAZZA XXV APRILE
2012-05-08 07:35:15,PIAZZA XXV APRILE
2012-05-08 07:35:09,PIAZZA XXV APRILE
2012-05-08 07:35:09,MM1 DUOMO
2012-05-08 07:28:59,PIAZZA XXV APRILE
2012-05-08 07:25:48,PIAZZA XXV APRILE
2012-05-08 07:14:23,PIAZZA XXV APRILE
2012-05-08 01:28:58,PIAZZA XXV APRILE
2012-05-08 00:38:48,PIAZZA XXV APRILE
2012-05-07 20:45:13,MORBEGNO
2012-05-07 20:45:08,MORBEGNO
2012-05-07 20:42:36,MORBEGNO
2012-05-07 20:13:33,MORBEGNO
2012-05-07 20:13:27,MORBEGNO
2012-05-07 20:13:27,MORBEGNO
2012-05-07 19:49:18,MORBEGNO
2012-05-07 19:48:58,MORBEGNO
2012-05-07 19:48:19,MORBEGNO
2012-05-07 09:04:36,SAN FAUSTINO
2012-05-07 08:55:45,LORETO
2012-05-07 08:53:10,LORETO
2012-05-07 08:39:53,MORBEGNO
2012-05-07 08:36:28,SAN FAUSTINO
2012-05-07 08:36:17,MORBEGNO
2012-05-07 08:34:00,MORBEGNO
2012-05-07 08:13:21,MORBEGNO
2012-05-07 08:13:05,MORBEGNO
2012-05-07 06:50:13,MORBEGNO
2012-05-07 00:50:12,MORBEGNO
2012-05-07 00:50:08,MORBEGNO
2012-05-07 00:49:10,MORBEGNO
2012-05-07 00:00:00,MORBEGNO
2012-05-06 23:42:10,MORBEGNO
2012-05-06 20:45:24,MORBEGNO
2012-05-06 20:43:07,MORBEGNO
2012-05-06 20:42:49,MORBEGNO
2012-05-06 19:35:36,MORBEGNO
2012-05-06 19:32:43,MORBEGNO
2012-05-06 19:23:29,STOPPANI
2012-05-06 19:19:30,CARMINATI&BONOMELLI
2012-05-06 19:15:04,GIULIO ROMANO
2012-05-06 19:13:28,GIULIO ROMANO
2012-05-06 19:13:20,GIULIO ROMANO
2012-05-06 19:02:08,PIAZZA OHM
2012-05-06 19:01:58,PIAZZA OHM
2012-05-06 19:01:57,MORBEGNO
2012-05-06 19:01:41,PIAZZA OHM
2012-05-06 16:11:08,AMATI
2012-05-06 15:30:18,AMATI
2012-05-31 23:39:54,PIAZZA OHM
2012-05-31 19:43:44,PIAZZA OHM
2012-05-31 19:32:15,CARMINATI&BONOMELLI
2012-05-31 19:32:02,CARMINATI&BONOMELLI
2012-05-31 19:30:23,CARMINATI&BONOMELLI
2012-05-31 09:21:26,CHAVEZ
2012-05-31 09:20:56,CHAVEZ
2012-05-31 06:29:12,MORBEGNO
2012-05-31 00:00:00,MORBEGNO
2012-05-30 23:36:26,MORBEGNO
2012-05-30 23:33:25,MORBEGNO
2012-05-30 22:01:45,MM1 DUOMO
2012-05-30 22:01:11,MM1 DUOMO
2012-05-30 21:48:39,MM2 CENTRALE
2012-05-30 21:47:59,MM2 CENTRALE
2012-05-30 21:41:07,PIAZZA XXV APRILE
2012-05-30 21:38:38,PIAZZA XXV APRILE
2012-05-30 21:06:12,PIAZZA XXV APRILE
2012-05-30 21:03:53,MOSCOVA
2012-05-30 19:59:11,MOSCOVA
2012-05-30 18:35:02,LORETO
2012-05-30 18:30:50,MM2 CENTRALE
2012-05-30 09:24:25,RUBATTINO
2012-05-30 09:24:16,RUBATTINO
2012-05-30 09:20:43,AEROPORTO DI LINATE
2012-05-30 09:20:41,AEROPORTO DI LINATE
2012-05-30 09:20:39,AEROPORTO DI LINATE
2012-05-30 09:20:39,AEROPORTO DI LINATE
2012-05-30 06:27:10,MORBEGNO
2012-05-30 04:57:07,GOBETTI
2012-05-30 00:00:00,MORBEGNO
2012-05-29 23:47:05,MORBEGNO
2012-05-29 22:57:07,GOBETTI
2012-05-29 21:20:41,MORBEGNO
2012-05-29 21:20:32,MORBEGNO
2012-05-29 20:30:55,MORBEGNO
2012-05-29 20:30:52,MORBEGNO
2012-05-29 19:19:59,MORBEGNO
2012-05-29 19:00:03,MM2 CENTRALE
2012-05-29 18:58:18,MM2 CENTRALE
2012-05-29 18:53:05,FELTRE
2012-05-29 18:50:36,SAN FAUSTINO
2012-05-29 18:27:09,MM2 CENTRALE
2012-05-29 16:57:07,FELTRE
2012-05-29 12:34:33,RUBATTINO
2012-05-29 12:34:33,RUBATTINO
2012-05-29 12:34:10,OVIDIO
2012-05-29 12:34:09,OVIDIO
2012-05-29 10:57:07,FELTRE
2012-05-29 09:24:47,SEGRATE - SAN FELICE
2012-05-29 09:19:39,AEROPORTO DI LINATE
2012-05-29 09:08:47,SAN FAUSTINO
2012-05-29 09:07:07,OSLAVIA
2012-05-29 08:46:01,MM2 CENTRALE
2012-05-29 08:42:21,MM1 VILLA SAN GIOVANNI
2012-05-29 08:16:11,MORBEGNO
2012-05-29 06:27:08,MORBEGNO
2012-05-29 04:57:07,MORBEGNO
2012-05-29 00:00:00,MORBEGNO
2012-05-28 22:57:07,WAGNER
2012-05-28 22:57:07,PRIMATICCIO
2012-05-28 21:53:18,WAGNER
2012-05-28 21:40:27,WAGNER
2012-05-28 20:57:27,WAGNER
2012-05-28 20:56:38,WASHINGTON
2012-05-28 20:56:38,WAGNER
2012-05-28 20:36:35,WAGNER
2012-05-28 19:29:22,WAGNER
2012-05-28 19:25:58,WAGNER
2012-05-28 19:23:55,WAGNER
2012-05-28 18:48:26,METROPOLITANA CADORNA
2012-05-28 18:37:09,MM1 DUOMO
2012-05-28 18:36:48,MM1 DUOMO
2012-05-28 18:29:34,PALAZZO DI GIUSTIZIA
2012-05-28 09:00:37,FELTRE
2012-05-28 09:00:13,FELTRE
2012-05-28 08:59:54,FELTRE
2012-05-28 08:58:29,FELTRE
2012-05-28 08:53:54,FELTRE
2012-05-28 08:50:01,MM2 CENTRALE
2012-05-28 08:49:38,MM2 CENTRALE
2012-05-28 08:49:33,MM2 CENTRALE
2012-05-28 08:12:34,MORBEGNO
2012-05-28 06:24:43,MORBEGNO
2012-05-28 01:34:33,MORBEGNO
2012-05-28 01:34:10,MORBEGNO
2012-05-27 20:04:44,MORBEGNO
2012-05-27 20:04:15,MORBEGNO
2012-05-27 19:26:37,MORBEGNO
2012-05-27 19:25:53,MORBEGNO
2012-05-27 19:03:21,MORBEGNO
2012-05-27 19:01:51,MORBEGNO
2012-05-27 18:56:57,MORBEGNO
2012-05-27 18:49:27,MORBEGNO
2012-05-27 18:33:54,MORBEGNO
2012-05-27 18:33:51,MORBEGNO
2012-05-25 19:07:12,PIAZZA UDINE
2012-05-25 19:05:17,PIAZZA UDINE
2012-05-25 19:02:00,GOBETTI
2012-05-25 19:01:49,GOBETTI
2012-05-25 08:40:20,MORBEGNO
2012-05-25 08:36:32,MORBEGNO
2012-05-25 08:34:41,MORBEGNO
2012-05-25 08:16:38,MORBEGNO
2012-05-25 08:08:06,MORBEGNO
2012-05-25 06:01:28,MORBEGNO
2012-05-25 01:03:23,MORBEGNO
2012-05-25 01:01:14,MORBEGNO
2012-05-25 01:00:51,MORBEGNO
2012-05-25 00:54:37,MORBEGNO
2012-05-25 00:00:00,MORBEGNO
2012-05-24 22:01:27,MORBEGNO
2012-05-24 22:01:17,MORBEGNO
2012-05-24 21:59:17,MORBEGNO
2012-05-24 21:00:45,MORBEGNO
2012-05-24 20:09:34,MORBEGNO
2012-05-06 13:41:48,AMATI
2012-05-06 13:23:29,PIAZZA OHM
2012-05-06 13:18:45,AMATI
2012-05-06 13:18:02,PIAZZA OHM
2012-05-06 13:08:27,PIAZZA OHM
2012-05-06 13:06:12,PIAZZA OHM
2012-05-06 13:05:18,PIAZZA OHM
2012-05-06 13:04:48,PIAZZA OHM
2012-05-06 13:04:33,PIAZZA OHM
2012-05-06 12:55:42,COLOMBO
2012-05-06 12:54:17,FORZE ARMATE
2012-05-06 12:47:04,PIAZZA OHM
2012-05-04 23:25:32,PIAZZA OHM
2012-05-04 23:25:28,PIAZZA OHM
2012-05-04 23:22:42,ROMOLO
2012-05-04 22:29:59,MORBEGNO
2012-05-04 22:29:55,MORBEGNO
2012-05-04 22:25:36,MORBEGNO
2012-05-04 22:23:29,MORBEGNO
2012-05-04 22:23:16,MORBEGNO
2012-05-04 21:55:38,MORBEGNO
2012-05-04 21:53:23,MORBEGNO
2012-05-04 21:53:08,MORBEGNO
2012-05-04 21:52:52,MORBEGNO
2012-05-04 21:52:34,MORBEGNO
2012-05-04 21:03:39,TURRO
2012-04-23 00:00:00,MORBEGNO
2012-04-22 19:58:41,MORBEGNO
2012-04-22 19:58:21,MORBEGNO
2012-04-22 18:37:02,BUENOS AIRES PERGOLESI
2012-04-22 18:36:21,BUENOS AIRES PERGOLESI
2012-04-22 18:27:15,DE LELLIS
2012-04-22 18:13:06,LORETO
2012-04-22 12:40:01,MORBEGNO
2012-04-22 12:27:14,MORBEGNO
2012-04-22 12:19:27,MORBEGNO
2012-04-22 06:27:13,MORBEGNO
2012-04-22 00:00:00,MORBEGNO
2012-04-21 23:30:06,GRANDI
2012-04-21 23:29:11,MARTINI
2012-04-21 23:23:03,GIULIO ROMANO
2012-04-21 23:21:24,GIULIO ROMANO
2012-04-21 22:45:07,PIAZZA OHM
2012-04-21 22:27:13,PIAZZA OHM
2012-04-21 20:30:10,MM2 P.TA GENOVA
2012-04-21 20:26:55,METROPOLITANA CADORNA
2012-04-21 15:24:44,MM2 P.TA GENOVA
2012-04-21 15:21:44,MM2 P.TA GENOVA
2012-04-21 15:05:52,MM1 VILLA SAN GIOVANNI
2012-04-21 15:03:31,MORBEGNO
2012-04-21 13:57:28,MORBEGNO
2012-04-21 13:55:37,MORBEGNO
2012-04-21 13:55:11,MORBEGNO
2012-04-21 11:48:53,MOLISE
2012-04-21 11:06:37,BACONE
2012-04-21 11:05:46,LORETO
2012-04-21 09:42:39,MORBEGNO
2012-04-21 09:42:20,MORBEGNO
2012-04-21 06:15:24,MORBEGNO
2012-04-21 00:00:00,MORBEGNO
2012-04-20 22:46:54,MORBEGNO
2012-04-20 22:45:23,MORBEGNO
2012-04-20 22:37:16,MORBEGNO
2012-04-20 21:57:45,MORBEGNO
2012-04-20 21:54:26,MORBEGNO
2012-04-20 21:53:41,MORBEGNO
2012-04-20 21:07:01,MORBEGNO
2012-04-20 20:37:45,MORBEGNO
2012-04-20 20:31:20,MM1 DUOMO
2012-04-20 20:29:06,LORETO
2012-04-20 20:24:30,LORETO
2012-04-20 20:24:05,LORETO
2012-04-20 20:23:41,LORETO
2012-04-20 20:23:19,LORETO
2012-04-20 20:22:58,LORETO
2012-04-20 20:22:57,LORETO
2012-04-20 20:21:11,LORETO
2012-04-20 20:21:03,LORETO
2012-04-20 20:16:27,LORETO
2012-04-20 20:06:15,LORETO
2012-04-20 19:16:26,MM1 DUOMO
2012-04-20 19:15:49,MM1 DUOMO
2012-04-20 19:14:41,MM1 DUOMO
2012-04-20 19:10:08,MM1 DUOMO
2012-04-20 19:09:54,MM1 DUOMO
2012-04-20 19:09:16,MM1 DUOMO
2012-04-20 18:53:13,MARTINI
2012-04-20 18:51:15,GRANDI
2012-04-20 16:42:00,SAN FAUSTINO
2012-04-20 14:03:07,SUSA
2012-04-20 13:55:54,SUSA
2012-04-20 10:42:00,SAN FAUSTINO
2012-04-20 08:38:25,MORBEGNO
2012-04-20 08:21:38,MORBEGNO
2012-04-20 06:16:29,MORBEGNO
2012-04-20 04:42:00,DATEO
2012-04-20 00:00:00,MORBEGNO
2012-04-19 23:10:24,MORBEGNO
2012-04-19 23:05:52,MORBEGNO
2012-04-19 23:05:09,MORBEGNO
2012-04-19 22:42:00,MORBEGNO
2012-04-19 22:42:00,DATEO
2012-04-19 21:33:16,DATEO
2012-04-19 21:33:16,DATEO
2012-04-19 21:12:01,DATEO
2012-04-19 21:10:14,V GIORNATE
2012-04-19 20:41:34,DATEO
2012-04-19 20:30:36,DATEO
2012-04-19 20:26:20,DATEO
2012-04-19 20:26:20,V GIORNATE
2012-04-19 19:07:42,V GIORNATE
2012-04-19 19:07:42,V GIORNATE
2012-04-19 19:03:28,V GIORNATE
2012-04-19 18:59:32,V GIORNATE
2012-04-19 18:59:04,V GIORNATE
2012-04-19 08:44:16,MM2 CENTRALE
2012-04-19 08:43:30,MM2 CENTRALE
2012-04-19 08:26:58,MORBEGNO
2012-04-19 08:24:00,MORBEGNO
2012-04-19 08:19:44,MORBEGNO
2012-04-19 08:13:59,MORBEGNO
2012-04-19 06:24:30,MORBEGNO
2012-04-19 00:00:00,MORBEGNO
2012-04-18 23:54:41,MORBEGNO
2012-04-18 23:52:06,MORBEGNO
2012-04-18 23:41:16,MORBEGNO
2012-04-18 22:42:10,MORBEGNO
2012-04-18 22:41:13,MORBEGNO
2012-04-18 22:24:39,TURRO
2012-04-18 22:22:57,TURRO
2012-04-18 20:50:00,TURRO
2012-04-18 20:49:14,TURRO
2012-04-18 20:48:58,TURRO
2012-04-18 20:46:30,MORBEGNO
2012-04-18 08:56:17,FELTRE
2012-04-18 08:52:46,FELTRE
2012-04-18 08:18:55,MORBEGNO
2012-04-18 08:18:31,MM2 CENTRALE
2012-04-18 08:14:53,MORBEGNO
2012-04-18 07:23:52,MORBEGNO
2012-04-18 01:23:51,MORBEGNO
2012-04-18 01:23:51,MORBEGNO
2012-04-18 01:06:22,MORBEGNO
2012-04-18 00:37:14,MORBEGNO
2012-04-18 00:00:00,MORBEGNO
2012-04-17 22:35:07,MM1 DUOMO
2012-04-17 22:30:06,MM1 DUOMO
2012-04-17 22:22:30,MERCANTI
2012-04-17 21:46:15,DUOMO
2012-04-17 21:35:48,ROMOLO
2012-04-17 21:33:43,ROMOLO
2012-04-17 20:43:58,ROMOLO
2012-04-17 20:42:41,ROMOLO
2012-04-17 20:08:38,ROMOLO
2012-04-17 19:40:40,ROMOLO
2012-04-17 19:39:26,ROMOLO
2012-04-17 19:38:42,ROMOLO
2012-04-17 19:36:55,ROMOLO
2012-04-17 19:36:04,ROMOLO
2012-04-17 19:18:27,ROMOLO
2012-04-17 19:15:47,STENDHAL
2012-04-17 18:59:56,PORTA GENOVA
2012-04-17 18:58:28,PORTA GENOVA
2012-04-17 18:57:49,PORTA GENOVA
2012-04-17 18:41:16,MM1 DUOMO
2012-04-17 18:32:38,CONSERVATORIO
2012-04-17 18:32:02,PALAZZO DI GIUSTIZIA
2012-04-17 08:54:33,AEROPORTO DI LINATE
2012-04-17 08:48:04,GOBETTI
2012-04-17 08:46:40,MM2 CENTRALE
2012-04-17 08:42:24,MM2 CENTRALE
2012-04-17 08:19:36,MORBEGNO
2012-04-17 08:19:24,MM2 CENTRALE
2012-04-17 06:08:32,MORBEGNO
2012-04-17 00:00:00,MORBEGNO
2012-04-16 22:38:31,MORBEGNO
2012-04-16 19:21:02,BRONZETTI
2012-04-16 19:18:37,GRANDI
2012-04-16 19:18:13,GRANDI
2012-04-16 07:33:09,MORBEGNO
2012-04-16 01:38:35,MORBEGNO
2012-04-16 01:35:37,MORBEGNO
2012-04-16 01:33:08,MORBEGNO
2012-04-16 00:00:00,PIAZZA OHM
2012-04-15 20:08:31,PIAZZA OHM
2012-04-15 19:33:00,MORBEGNO
2012-04-15 19:32:39,MORBEGNO
2012-04-15 19:31:51,MORBEGNO
2012-04-15 16:26:23,MORBEGNO
2012-04-15 16:24:34,MORBEGNO
2012-04-15 16:16:21,MORBEGNO
2012-04-15 15:46:29,BALESTRA
2012-04-15 15:44:52,BALESTRA
2012-04-15 14:59:41,PIAZZA OHM
2012-04-15 14:58:53,PIAZZA OHM
2012-04-15 14:30:55,PIAZZA OHM
2012-04-15 14:27:55,PIAZZA OHM
2012-04-15 12:40:35,PIAZZA OHM
2012-04-15 12:38:28,PIAZZA OHM
2012-04-15 12:20:41,PIAZZA OHM
2012-04-15 06:20:41,PIAZZA OHM
2012-04-15 00:00:00,PIAZZA OHM
2012-04-14 21:02:19,PIAZZA OHM
2012-04-14 20:54:46,PIAZZA OHM
2012-04-14 20:32:17,PIAZZA OHM
2012-04-14 20:31:41,PIAZZA OHM
2012-04-14 18:50:40,PIAZZA OHM
2012-04-14 17:07:23,PIAZZA OHM
2012-04-14 17:06:50,PIAZZA OHM
2012-04-14 14:30:10,PIAZZA OHM
2012-04-14 14:23:51,PIAZZA OHM
2012-04-14 14:21:52,PIAZZA OHM
2012-04-14 06:19:17,PIAZZA OHM
2012-04-14 01:05:41,PIAZZA OHM
2012-04-14 00:39:02,PIAZZA OHM
2012-04-14 00:37:21,PIAZZA OHM
2012-05-13 17:50:46,NOVATE
2012-05-13 17:49:41,SENIGALLIA
2012-05-13 15:41:06,MORBEGNO
2012-05-13 13:53:09,BUENOS AIRES PONCHIELLI
2012-05-13 13:52:12,BUENOS AIRES PERGOLESI
2012-05-13 13:51:12,BUENOS AIRES PERGOLESI
2012-05-13 13:50:44,BUENOS AIRES PERGOLESI
2012-05-13 13:50:31,BUENOS AIRES PERGOLESI
2012-04-14 00:04:53,ROMOLO
2012-04-14 00:03:56,IMPERIA
2012-04-14 00:00:00,PIAZZA OHM
2012-04-13 23:38:53,PICENO
2012-04-13 23:32:21,ABRUZZI
2012-04-13 23:30:19,LORETO
2012-04-13 22:36:24,TURRO
2012-04-13 22:33:55,TURRO
2012-04-13 20:22:01,TURRO
2012-04-13 20:19:16,TURRO
2012-04-13 20:19:09,TURRO
2012-04-13 19:47:45,TURRO
2012-04-13 19:47:15,TURRO
2012-04-13 19:41:56,TURRO
2012-04-13 19:39:02,TURRO
2012-04-13 19:34:55,TURRO
2012-04-13 19:27:05,TURRO
2012-04-13 19:25:03,TURRO
2012-04-13 19:24:29,TURRO
2012-04-13 19:03:41,SAN FAUSTINO
2012-04-13 19:03:07,FELTRE
2012-04-13 19:02:28,OSLAVIA
2012-04-13 18:59:25,SAN FAUSTINO
2012-04-13 18:56:31,RUBATTINO
2012-04-13 18:53:27,RUBATTINO
2012-04-13 06:49:45,MORBEGNO
2012-04-10 19:36:11,MORBEGNO
2012-04-10 19:31:27,MORBEGNO
2012-04-10 19:30:32,MORBEGNO
2012-04-10 19:26:48,MORBEGNO
2012-04-10 18:48:06,MORBEGNO
2012-04-10 18:48:02,MORBEGNO
2012-04-10 18:30:49,MORBEGNO
2012-04-10 18:30:36,MORBEGNO
2012-04-10 18:30:33,MORBEGNO
2012-04-10 18:28:15,MORBEGNO
2012-04-10 17:18:16,MORBEGNO
2012-04-10 17:18:16,MORBEGNO
2012-04-10 17:18:12,MORBEGNO
2012-04-10 17:14:14,MORBEGNO
2012-04-10 17:14:10,MORBEGNO
2012-04-10 17:14:05,MORBEGNO
2012-04-10 17:04:08,MORBEGNO
2012-04-10 17:04:03,MORBEGNO
2012-04-10 17:03:15,MORBEGNO
2012-04-10 16:56:02,MORBEGNO
2012-04-10 16:55:57,MORBEGNO
2012-04-10 16:52:34,MORBEGNO
2012-04-10 16:49:56,MORBEGNO
2012-04-10 16:49:51,MORBEGNO
2012-04-10 16:44:03,MORBEGNO
2012-04-10 15:47:41,MORBEGNO
2012-04-10 15:47:28,MORBEGNO
2012-04-10 15:46:04,MORBEGNO
2012-04-10 15:33:08,MORBEGNO
2012-04-10 15:32:58,MORBEGNO
2012-04-10 15:24:17,MORBEGNO
2012-04-10 15:24:17,MORBEGNO
2012-04-10 15:24:13,MORBEGNO
2012-04-10 15:22:29,MORBEGNO
2012-04-10 15:15:33,MORBEGNO
2012-04-10 15:09:47,MM1 DUOMO
2012-04-10 14:59:49,CONSERVATORIO
2012-04-10 14:58:53,CONSERVATORIO
2012-04-10 14:54:15,MORBEGNO
2012-04-10 14:54:15,CONSERVATORIO
2012-04-10 13:54:17,CONSERVATORIO
2012-04-10 13:48:03,CONSERVATORIO
2012-04-10 13:46:54,CONSERVATORIO
2012-04-10 13:30:06,MORBEGNO
2012-04-10 13:28:35,MORBEGNO
2012-04-10 12:19:21,MORBEGNO
2012-04-10 06:19:20,MORBEGNO
2012-04-10 00:37:07,MORBEGNO
2012-04-10 00:36:15,MORBEGNO
2012-04-10 00:00:00,MORBEGNO
2012-04-09 21:14:32,BREDA
2012-04-09 19:56:56,BREDA
2012-04-09 19:46:29,BREDA
2012-04-09 19:46:28,BREDA
2012-04-09 19:46:27,BREDA
2012-04-09 19:46:27,BREDA
2012-04-09 19:19:19,BREDA
2012-04-09 17:04:28,V GIORNATE
2012-04-09 17:03:12,BEATRICE
2012-04-09 16:06:34,MUGGIANO
2012-04-07 11:01:35,MORBEGNO
2012-04-07 11:00:12,MORBEGNO
2012-04-07 10:58:04,MARTINI
2012-04-07 06:11:07,MORBEGNO
2012-04-07 04:58:04,MARTINI
2012-04-07 00:00:00,PIAZZA OHM
2012-04-06 22:58:04,PIAZZA OHM
2012-04-06 22:58:04,PIAZZA OHM
2012-04-06 22:58:00,PIAZZA OHM
2012-04-06 22:57:20,PIAZZA OHM
2012-04-06 22:57:19,PIAZZA OHM
2012-04-06 22:56:41,PIAZZA OHM
2012-04-06 22:56:31,PIAZZA OHM
2012-04-06 22:55:59,PIAZZA OHM
2012-04-06 14:44:13,BUENOS AIRES PERGOLESI
2012-04-06 14:44:04,BUENOS AIRES PERGOLESI
2012-04-06 14:31:37,MM1 DUOMO
2012-04-06 14:31:00,LORETO
2012-04-06 14:30:39,LORETO
2012-04-06 14:28:47,LORETO
2012-04-06 14:27:32,LORETO
2012-04-06 14:27:24,MM1 DUOMO
2012-04-06 14:26:54,MM1 DUOMO
2012-04-06 14:20:12,LORETO
2012-04-06 14:18:46,LORETO
2012-04-06 14:15:19,LORETO
2012-04-06 13:51:32,LORETO
2012-04-06 13:41:31,LORETO
2012-04-06 12:30:10,LORETO
2012-04-06 12:16:36,LORETO
2012-04-06 12:12:14,LORETO
2012-04-06 12:10:24,LORETO
2012-04-06 11:54:48,LORETO
2012-04-06 11:53:37,LORETO
2012-04-05 23:14:55,MORBEGNO
2012-04-05 19:29:24,MORBEGNO
2012-04-05 19:27:11,MORBEGNO
2012-04-05 19:26:03,MORBEGNO
2012-04-05 19:24:33,MORBEGNO
2012-04-05 19:23:44,MORBEGNO
2012-04-05 19:19:48,MORBEGNO
2012-04-05 19:05:14,MORBEGNO
2012-04-05 18:55:58,MORBEGNO
2012-04-05 18:52:34,MORBEGNO
2012-04-05 18:49:29,MORBEGNO
2012-04-05 18:02:46,MORBEGNO
2012-04-05 17:59:06,MORBEGNO
2012-04-05 17:59:02,CASA DEL SOLE
2012-04-05 17:54:46,PIAZZA UDINE
2012-04-04 21:10:39,MORBEGNO
2012-04-04 21:10:08,MORBEGNO
2012-04-04 21:04:40,MORBEGNO
2012-04-04 21:04:31,MORBEGNO
2012-04-04 20:52:47,MORBEGNO
2012-04-04 20:49:56,CASA DEL SOLE
2012-04-04 20:49:30,CASA DEL SOLE
2012-04-04 20:44:22,FELTRE
2012-04-04 07:57:30,MORBEGNO
2012-04-04 06:27:31,MORBEGNO
2012-04-04 01:57:30,MORBEGNO
2012-04-04 00:00:00,MORBEGNO
2012-04-03 22:14:54,TURRO
2012-04-03 22:10:53,TURRO
2012-04-03 21:47:41,TURRO
2012-04-03 21:46:56,TURRO
2012-04-03 21:44:21,TURRO
2012-04-03 21:42:19,TURRO
2012-04-03 21:12:38,TURRO
2012-04-03 21:12:22,TURRO
2012-04-03 21:08:56,TURRO
2012-04-03 21:08:02,TURRO
2012-04-03 20:52:38,MORBEGNO
2012-04-03 20:51:54,MORBEGNO
2012-04-03 19:57:46,MORBEGNO
2012-04-03 19:57:30,MORBEGNO
2012-04-03 19:57:30,MORBEGNO
2012-04-03 19:57:25,MORBEGNO
2012-04-03 19:57:13,MORBEGNO
2012-04-03 19:55:19,MORBEGNO
2012-04-03 19:37:07,MM1 DUOMO
2012-04-03 19:36:18,MM1 DUOMO
2012-04-03 07:05:53,MORBEGNO
2012-04-03 07:05:53,MORBEGNO
2012-04-03 01:05:53,MORBEGNO
2012-04-03 01:05:53,MORBEGNO
2012-04-03 01:05:50,MORBEGNO
2012-04-03 00:36:41,MORBEGNO
2012-04-03 00:35:59,MORBEGNO
2012-04-03 00:00:00,PIAZZA OHM
2012-04-02 23:51:27,PIAZZA OHM
2012-04-01 18:43:18,CERMENATE
2012-04-01 18:42:09,CERMENATE
2012-04-01 18:38:44,ISIMBARDI
2012-04-01 18:37:45,ANTONINI
2012-04-01 16:09:06,ANTONINI
2012-04-01 16:04:15,ANTONINI
2012-04-01 15:54:25,ISIMBARDI
2012-03-31 00:00:00,MURAT
2012-03-30 23:52:23,MORBEGNO
2012-03-30 23:46:58,MORBEGNO
2012-03-30 23:41:39,MORBEGNO
2012-03-30 23:41:08,MORBEGNO
2012-03-30 22:38:54,MORBEGNO
2012-03-30 22:34:40,MORBEGNO
2012-03-30 19:48:10,TURRO
2012-03-30 13:50:59,AEROPORTO DI LINATE
2012-03-30 09:12:32,RUBATTINO
2012-03-30 09:08:10,SAN FAUSTINO
2012-03-30 06:13:01,MORBEGNO
2012-03-30 00:00:00,MORBEGNO
2012-03-29 22:27:56,OVADA
2012-03-29 18:01:00,TIRANA
2012-03-29 09:19:58,FELTRE
2012-03-29 06:00:59,MORBEGNO
2012-03-29 00:00:00,MORBEGNO
2012-03-28 20:23:37,MORBEGNO
2012-03-28 20:18:53,MORBEGNO
2012-03-28 20:14:21,MORBEGNO
2012-03-28 20:00:00,MM1 DUOMO
2012-03-28 19:28:01,PALAZZO DI GIUSTIZIA
2012-03-28 19:25:50,PALAZZO DI GIUSTIZIA
2012-03-28 19:21:38,MARTINI
2012-03-28 19:00:58,AUGUSTO
2012-03-28 10:12:38,GOBETTI
2012-03-28 06:12:29,MORBEGNO
2012-03-28 04:12:38,MORBEGNO
2012-03-28 00:00:00,MORBEGNO
2012-03-27 22:12:38,MORBEGNO
2012-03-27 16:12:38,GOBETTI
2012-03-27 10:12:38,GOBETTI
2012-05-02 06:21:07,MORBEGNO
2012-05-02 00:21:06,MORBEGNO
2012-05-02 00:21:01,MORBEGNO
2012-05-02 00:19:40,MORBEGNO
2012-05-02 00:00:00,MORBEGNO
2012-05-01 23:26:21,MORBEGNO
2012-05-01 23:26:17,MORBEGNO
2012-05-01 23:25:34,MORBEGNO
2012-05-01 19:18:07,MORBEGNO
2012-05-01 19:18:06,VIALE UMBRIA
2012-05-01 19:05:33,MORBEGNO
2012-05-01 16:41:01,SANT_ABBONDIO
2012-05-01 16:30:03,SANT_ABBONDIO
2012-05-01 16:29:33,SANT_ABBONDIO
2012-05-01 16:28:46,SANT_ABBONDIO
2012-05-01 16:27:47,SANT_ABBONDIO
2012-05-01 16:26:36,SANT_ABBONDIO
2012-05-01 13:18:06,CERMENATE
2012-04-30 15:35:17,POLO FIERISTICO
2012-04-30 15:34:32,BELGIOIOSO
2012-04-30 15:29:12,CANTU
2012-04-30 15:27:51,CAMPUS BOVISA
2012-04-30 15:22:48,DE MARCHI
2012-04-30 15:18:28,LUNIGIANA
2012-04-30 15:10:07,CENTRALE
2012-04-30 15:02:51,BACONE
2012-04-30 15:01:18,ABRUZZI
2012-04-30 14:56:29,ARGONNE
2012-04-30 14:55:09,ARGONNE
2012-04-30 14:54:07,LOMELLINA
2012-04-30 14:52:43,LOMELLINA
2012-04-30 14:52:22,LUNIGIANA
2012-04-30 14:38:19,AEROPORTO DI LINATE
2012-04-30 14:38:12,AEROPORTO DI LINATE
2012-04-30 14:38:02,OVIDIO
2012-04-28 08:16:20,MORBEGNO
2012-04-28 08:16:20,MORBEGNO
2012-04-28 02:16:20,MORBEGNO
2012-04-28 02:16:20,MORBEGNO
2012-04-28 02:16:17,MORBEGNO
2012-04-28 00:00:00,MORBEGNO
2012-04-27 23:16:46,MORBEGNO
2012-04-27 23:11:07,MORBEGNO
2012-04-27 22:50:17,LORETO
2012-04-27 22:50:07,LORETO
2012-04-27 22:30:08,LORETO
2012-04-27 22:28:57,LORETO
2012-04-27 20:20:03,MORBEGNO
2012-04-27 20:19:32,LORETO
2012-04-27 20:17:01,MORBEGNO
2012-04-27 19:49:54,MORBEGNO
2012-04-27 19:49:48,MORBEGNO
2012-04-27 19:44:22,MORBEGNO
2012-04-27 19:43:37,MORBEGNO
2012-04-27 19:43:34,MORBEGNO
2012-04-27 19:18:14,MORBEGNO
2012-04-27 19:12:40,MORBEGNO
2012-04-27 19:12:09,MORBEGNO
2012-04-27 19:11:59,MORBEGNO
2012-04-27 19:10:32,MORBEGNO
2012-04-27 18:21:34,AEROPORTO DI LINATE
2012-04-27 14:21:31,PIAZZA UDINE
2012-04-27 08:21:31,MORBEGNO
2012-04-27 08:09:22,MORBEGNO
2012-04-27 08:07:34,MORBEGNO
2012-04-27 06:21:32,MORBEGNO
2012-04-27 02:21:31,MORBEGNO
2012-04-27 00:00:00,MORBEGNO
2012-04-26 20:23:10,MORBEGNO
2012-04-26 20:21:31,MORBEGNO
2012-04-26 20:21:31,MORBEGNO
2012-04-26 20:21:28,MORBEGNO
2012-04-26 19:26:01,MORBEGNO
2012-04-26 18:59:51,CASA DEL SOLE
2012-04-26 18:59:08,PIAZZA UDINE
2012-04-26 11:37:12,TOFFETTI
2012-04-26 08:51:53,CASA DEL SOLE
2012-04-26 08:47:22,MORBEGNO
2012-04-26 08:45:39,MORBEGNO
2012-04-26 08:45:12,MORBEGNO
2012-04-26 08:12:49,MORBEGNO
2012-04-26 08:12:49,MORBEGNO
2012-04-26 08:12:44,MORBEGNO
2012-04-26 08:11:13,MORBEGNO
2012-04-26 08:10:58,MORBEGNO
2012-04-26 08:10:55,MORBEGNO
2012-04-26 08:10:34,MORBEGNO
2012-04-26 06:10:09,MORBEGNO
2012-04-26 03:40:08,VIALE UMBRIA
2012-04-26 00:00:00,MORBEGNO
2012-04-25 21:40:08,MORBEGNO
2012-04-25 18:14:49,MM2 CENTRALE
2012-04-25 18:14:45,MORBEGNO
2012-04-25 18:11:23,MORBEGNO
2012-04-25 18:08:40,MORBEGNO
2012-04-25 18:08:37,MORBEGNO
2012-04-25 18:07:27,MORBEGNO
2012-04-25 18:07:15,MORBEGNO
2012-04-25 18:07:14,MORBEGNO
2012-04-25 18:07:10,MORBEGNO
2012-04-25 17:58:01,MORBEGNO
2012-04-25 17:55:05,MORBEGNO
2012-04-25 16:39:43,MORBEGNO
2012-04-25 16:39:39,MORBEGNO
2012-04-25 14:17:00,MORBEGNO
2012-04-25 14:13:43,MORBEGNO
2012-04-25 14:13:14,MORBEGNO
2012-04-25 14:10:47,MORBEGNO
2012-04-25 14:08:23,MORBEGNO
2012-04-25 13:34:39,MORBEGNO
2012-04-25 12:13:16,MORBEGNO
2012-04-25 12:13:12,CHAVEZ
2012-04-25 06:13:15,MORBEGNO
2012-04-25 06:13:12,CHAVEZ
2012-04-25 00:13:12,CHAVEZ
2012-04-25 00:00:00,MORBEGNO
2012-04-24 22:38:56,MORBEGNO
2012-04-24 22:37:06,MORBEGNO
2012-04-24 22:20:48,MORBEGNO
2012-04-24 22:18:54,MORBEGNO
2012-04-24 21:33:17,MORBEGNO
2012-04-24 20:43:09,MORBEGNO
2012-04-24 20:39:27,MORBEGNO
2012-04-24 20:16:53,LORETO
2012-04-24 20:12:25,ABRUZZI
2012-04-24 19:58:29,ABRUZZI
2012-04-24 19:58:14,BACONE
2012-04-24 19:57:56,BACONE
2012-04-24 19:56:46,ABRUZZI
2012-04-24 19:55:18,BACONE
2012-04-24 19:51:50,ABRUZZI
2012-04-24 19:24:42,PIAZZA UDINE
2012-04-24 19:23:26,FELTRE
2012-04-24 18:13:12,SAN FAUSTINO
2012-04-24 13:21:07,SEGRATE CENTRO
2012-04-24 13:16:10,ROMBON
2012-04-24 12:57:09,MORBEGNO
2012-04-24 12:56:35,MORBEGNO
2012-04-24 12:30:08,MORBEGNO
2012-04-24 12:29:14,MORBEGNO
2012-04-24 12:28:01,MORBEGNO
2012-04-24 12:27:59,MORBEGNO
2012-04-24 12:27:37,MORBEGNO
2012-04-24 12:22:26,MORBEGNO
2012-04-24 12:21:55,MORBEGNO
2012-04-24 12:17:10,MORBEGNO
2012-04-24 12:13:13,MORBEGNO
2012-04-24 12:13:12,MORBEGNO
2012-04-24 12:01:01,METROPOLITANA CADORNA
2012-04-24 11:51:40,METROPOLITANA CADORNA
2012-04-24 11:50:03,METROPOLITANA CADORNA
2012-04-24 11:48:03,METROPOLITANA CADORNA
2012-04-24 11:46:54,LIDO PIAZZALE LOTTO
2012-04-24 11:46:25,LIDO PIAZZALE LOTTO
2012-04-24 11:44:58,LIDO PIAZZALE LOTTO
2012-04-24 11:36:06,LIDO PIAZZALE LOTTO
2012-04-24 11:34:00,LIDO PIAZZALE LOTTO
2012-04-24 10:23:46,METROPOLITANA CADORNA
2012-04-24 10:20:53,METROPOLITANA CADORNA
2012-04-24 10:09:45,MM1 VILLA SAN GIOVANNI
2012-04-24 10:08:57,MM1 VILLA SAN GIOVANNI
2012-04-24 10:08:48,MM1 VILLA SAN GIOVANNI
2012-04-24 10:08:34,MM1 VILLA SAN GIOVANNI
2012-04-24 10:06:47,MM1 VILLA SAN GIOVANNI
2012-04-24 09:52:15,MORBEGNO
2012-04-24 09:51:13,MORBEGNO
2012-04-24 09:17:59,MORBEGNO
2012-04-24 09:00:02,MORBEGNO
2012-04-24 06:13:12,MORBEGNO
2012-04-24 06:13:12,MORBEGNO
2012-04-24 00:13:12,MORBEGNO
2012-04-24 00:13:12,MORBEGNO
2012-04-24 00:00:00,MORBEGNO
2012-04-23 23:53:10,MORBEGNO
2012-04-23 22:49:24,MORBEGNO
2012-04-23 21:46:01,MORBEGNO
2012-04-23 21:44:30,MORBEGNO
2012-04-23 21:44:08,MORBEGNO
2012-04-23 21:43:47,MORBEGNO
2012-04-23 21:39:31,MORBEGNO
2012-04-23 21:38:56,MORBEGNO
2012-04-23 21:29:27,MORBEGNO
2012-04-23 21:28:06,MORBEGNO
2012-04-23 20:25:40,MORBEGNO
2012-04-23 13:22:03,CASA DEL SOLE
2012-04-23 13:13:09,SAN FAUSTINO
2012-04-23 13:12:15,SAN FAUSTINO
2012-04-23 08:17:08,MORBEGNO
2012-04-23 08:08:00,MORBEGNO
2012-04-23 06:27:16,MORBEGNO
2012-03-27 06:20:42,MORBEGNO
2012-03-27 04:12:38,MORBEGNO
2012-03-27 00:00:00,MORBEGNO
2012-03-26 23:34:02,MORBEGNO
2012-03-26 23:33:51,MORBEGNO
2012-03-26 23:32:58,MORBEGNO
2012-03-26 22:12:38,TURRO
2012-03-26 21:19:13,TURRO
2012-03-26 21:19:01,TURRO
2012-03-26 21:18:39,TURRO
2012-03-26 21:17:16,TURRO
2012-03-26 19:54:03,MORBEGNO
2012-03-26 19:54:01,MORBEGNO
2012-03-26 19:30:13,BRONZETTI
2012-03-26 19:28:31,MARTINI
2012-03-26 19:28:30,MARTINI
2012-03-26 19:28:30,MARTINI
2012-03-26 19:27:33,GRANDI
2012-03-26 19:22:59,OVIDIO
2012-03-26 16:12:38,FELTRE
2012-03-26 10:12:38,FELTRE
2012-03-26 06:12:39,MORBEGNO
2012-03-26 04:12:38,MORBEGNO
2012-03-26 00:00:00,MORBEGNO
2012-05-04 19:57:27,TURRO
2012-05-04 19:54:30,TURRO
2012-05-04 19:53:25,TURRO
2012-05-04 18:59:36,MM2 CENTRALE
2012-05-04 18:50:55,SAN FAUSTINO
2012-05-04 18:49:11,SAN FAUSTINO
2012-05-04 18:47:45,SAN FAUSTINO
2012-05-04 18:43:18,RUBATTINO
2012-05-04 18:40:31,RUBATTINO
2012-05-04 18:40:22,RUBATTINO
2012-05-04 18:39:48,RUBATTINO
2012-05-04 11:51:05,SAN FAUSTINO
2012-05-04 08:22:26,MORBEGNO
2012-05-04 08:18:38,MORBEGNO
2012-05-04 08:16:57,MORBEGNO
2012-05-04 06:21:06,MORBEGNO
2012-05-04 05:51:05,MORBEGNO
2012-05-04 03:57:36,MORBEGNO
2012-05-04 00:14:45,MORBEGNO
2012-05-04 00:14:25,MORBEGNO
2012-05-04 00:00:00,MORBEGNO
2012-05-03 23:56:02,MORBEGNO
2012-05-03 23:53:10,MORBEGNO
2012-05-03 23:51:05,MORBEGNO
2012-05-03 23:51:05,MORBEGNO
2012-05-03 22:56:27,MORBEGNO
2012-05-03 20:39:23,MORBEGNO
2012-05-03 20:12:42,MORBEGNO
2012-05-03 19:58:55,MORBEGNO
2012-05-03 19:58:52,MORBEGNO
2012-05-03 19:27:01,MORBEGNO
2012-05-03 19:25:16,MORBEGNO
2012-05-03 19:18:21,MORBEGNO
2012-05-03 19:14:14,MM1 VILLA SAN GIOVANNI
2012-05-03 18:50:19,GRANDI
2012-05-03 18:48:06,LOMELLINA
2012-05-03 18:47:37,LOMELLINA
2012-05-03 18:41:26,AEROPORTO DI LINATE
2012-05-03 18:40:52,AEROPORTO DI LINATE
2012-05-03 14:12:42,FELTRE
2012-05-03 08:24:19,MORBEGNO
2012-05-03 08:21:58,MORBEGNO
2012-05-03 08:15:10,MORBEGNO
2012-05-03 08:14:23,MORBEGNO
2012-05-03 08:14:14,MORBEGNO
2012-05-03 08:12:42,MM2 CENTRALE
2012-05-03 08:12:42,MORBEGNO
2012-05-03 08:12:41,MORBEGNO
2012-05-03 06:17:38,MORBEGNO
2012-05-03 00:00:00,MORBEGNO
2012-05-02 22:28:29,LORETO
2012-05-02 22:25:53,LORETO
2012-05-02 22:18:47,TURRO
2012-05-02 20:08:23,TURRO
2012-05-02 20:08:22,PIAZZA UDINE
2012-05-02 14:08:22,FELTRE
2012-05-02 08:47:55,CHAVEZ
2012-05-02 08:47:52,CHAVEZ
2012-05-02 08:16:39,MORBEGNO
2012-05-02 08:08:22,MORBEGNO
2012-05-02 08:08:22,MORBEGNO
2012-05-02 08:08:22,MORBEGNO
2012-04-13 00:49:44,MORBEGNO
2012-04-13 00:49:39,MORBEGNO
2012-04-13 00:46:55,MORBEGNO
2012-04-13 00:00:00,MORBEGNO
2012-04-12 20:54:02,MORBEGNO
2012-04-12 20:32:30,MM2 P.TA GENOVA 1
2012-04-12 20:32:01,MM2 P.TA GENOVA 1
2012-04-12 20:30:29,MM2 P.TA GENOVA 1
2012-04-12 20:29:26,MM2 P.TA GENOVA 1
2012-04-12 20:08:19,PORTA GENOVA
2012-04-12 20:01:34,CASSALA
2012-04-12 19:59:51,ROMOLO
2012-04-12 19:54:52,ROMOLO
2012-04-12 19:39:23,PORTA GENOVA
2012-04-12 19:38:17,MM1 DUOMO
2012-04-12 19:37:44,MM1 DUOMO
2012-04-12 12:55:28,FELTRE
2012-04-12 09:11:23,RUBATTINO
2012-04-12 06:55:28,MORBEGNO
2012-04-12 06:55:28,MORBEGNO
2012-04-12 00:55:28,MORBEGNO
2012-04-12 00:55:28,MORBEGNO
2012-04-12 00:55:24,MORBEGNO
2012-04-12 00:54:15,MORBEGNO
2012-04-12 00:00:00,MORBEGNO
2012-04-11 22:56:42,MORBEGNO
2012-04-11 22:56:40,MORBEGNO
2012-04-11 22:56:40,MORBEGNO
2012-04-11 22:50:35,MORBEGNO
2012-04-11 22:48:30,MORBEGNO
2012-04-11 22:42:34,MORBEGNO
2012-04-11 22:25:43,MORBEGNO
2012-04-11 20:32:32,MOSCOVA
2012-04-11 20:06:50,LOMELLINA
2012-04-11 19:58:04,MOSCOVA
2012-04-11 19:29:42,MOSCOVA
2012-04-11 19:19:36,SAN MARCO
2012-04-11 19:16:55,SAN MARCO
2012-04-11 19:14:42,SAN MARCO
2012-04-11 14:06:50,FELTRE
2012-04-11 08:06:50,MM1 DUOMO
2012-04-11 08:06:50,MORBEGNO
2012-04-11 02:38:28,MORBEGNO
2012-04-11 02:38:28,MORBEGNO
2012-04-11 01:36:01,LORETO
2012-04-11 00:16:07,MORBEGNO
2012-04-11 00:00:00,MORBEGNO
